<?xml version="1.0" encoding="ISO-8859-1"?>
<FVLIB>
    <MESH dim="2"    name="mesh2D">
        <VERTEX nbvertex="17">
   <!--label  code   coord   -->           
        1      1     0.0000   1.0000 
        2      1     0.8000   1.0000 
        3      1     1.0000   1.0000 
        4      0     1.0000   0.8000 
        5      2     1.0000   0.0000 
        6      2     0.8000   0.0000 
        7      2     0.0000   0.0000 
        8      0     0.0000   0.5000 
        9      0     0.2000   0.8000 
        10     0     0.8000   0.8000 
        11     0     0.8000   0.2000
        12     0     0.5000   0.2000 
        13     0     0.2000   0.2000        
        14     0     0.2000   0.4000 
        15     0     0.3000   0.5000
        16     0     0.5000   0.5000 
        17     0     0.5000   0.8000
        </VERTEX>
        <EDGE nbedge="26">
<!-- label  code nbvert list of vertices  -->        
        1    0      2     1    2
        2    0      2     2    3
        3    0      2     3    4
        4    0      2     4    5
        5    0      2     5    6
        6    0      2     6    7
        7    0      2     7    8
        8    0      2     8    1
        9    0      2     1    9
        10   0      2     2    10
        11   0      2     10   4        
        12   0      2     6    11        
        13   0      2     7    13        
        14   0      2     8    14        
        15   0      2     8    9        
        16   0      2     9    17        
        17   0      2     17   10        
        18   0      2     11   10        
        19   0      2     11   12        
        20   0      2     12   13        
        21   0      2     13   14   
        22   0      2     14   15        
        23   0      2     9    15        
        24   0      2     15   16        
        25   0      2     16   17        
        26   5      2     16   12                        
        </EDGE>
        <CELL nbcell="10">
<!--label  code  nbEdge list of edges   -->                  
        1    0      5     1    10   9    16   17     
        2    0      4     2    3    11   10     
        3    0      5     4    5    11   12   18
        4    0      5     6    20   13   12   19
        5    0      4     7    21   13   14    
        6    0      3     15   8    9    
        7    0      4     22   23   15   14
        8    0      4     23   16   24   25    
        9    0      5     17   18   19   25   26  
        10   4      5     20   21   22   24   26   
        </CELL>    
    </MESH>
</FVLIB>
