<?xml version="1.0" encoding="ISO-8859-1"?>
<FVLIB>
    <MESH dim="3"    name="mesh3D">
        <VERTEX nbvertex="16">
   <!--label  code   coord   -->           
        1      1     0.0000   0.0000   0.0000 
        2      1     0.0000   0.0000   1.0000
        3      1     1.0000   0.0000   1.0000
        4      0     1.0000   0.0000   0.0000 
        5      2     0.0000   1.0000   0.0000
        6      2     0.0000   1.0000   1.0000
        7      2     1.0000   1.0000   1.0000
        8      0     1.0000   1.0000   0.0000
        9      0     0.3000   0.3000   0.3000
        10     0     0.3000   0.3000   0.7000 
        11     0     0.7000   0.3000   0.7000
        12     0     0.7000   0.3000   0.3000
        13     0     0.3000   0.7000   0.3000     
        14     0     0.3000   0.7000   0.7000
        15     0     0.7000   0.7000   0.7000
        16     0     0.7000   0.7000   0.3000
        </VERTEX>
        <EDGE nbedge="32">
<!-- label  code nbvert list of vertices  -->        
        1    0      2     1    2
        2    0      2     2    3
        3    0      2     3    4
        4    0      2     4    1
        5    0      2     5    6
        6    0      2     6    7
        7    0      2     7    8
        8    0      2     8    5
        9    0      2     1    5
        10   0      2     2    6
        11   0      2     3    7       
        12   0      2     4    8           
        13   0      2     9    10        
        14   0      2     10   11        
        15   0      2     11   12        
        16   0      2     12   9        
        17   0      2     13   14        
        18   0      2     14   15        
        19   0      2     15   16        
        20   0      2     16   13        
        21   0      2     9    13   
        22   0      2     10   14        
        23   0      2     11   15        
        24   0      2     12   16       
        25   0      2     1    9        
        26   5      2     2    10  
        27   0      2     3    11   
        28   0      2     4    12        
        29   0      2     5    13        
        30   0      2     6    14        
        31   0      2     7    15        
        32   5      2     8    16 
        </EDGE>
        <FACE nbface="24">
<!-- label  code nbEdge list of edges  --> 
        1    0      4     1    2    3    4 
        2    0      4     1    9    5    10 
        3    0      4     5    6    7    8 
        4    0      4     3    11   7    12  
        5    0      4     2    10   6    11 
        6    0      4     9    8    12   4 
        7    0      4     13   14   15   16
        8    0      4     21   13   22   17   
        9    0      4     17   18   19   20 
        10   0      4     15   19   23   24 
        11   0      4     14   18   22   23  
        12   0      4     16   20   21   24     
        13   0      4     2    14   26   27
        14   0      4     10   22   26   30
        15   0      4     30   31   6    18
        16   0      4     11   31   27   23
        17   0      4     4    16   25   28
        18   0      4     9    21   25   29
        19   0      4     8    20   29   32
        20   0      4     12   24   28   32   
        21   0      4     1    13   25   26
        22   0      4     5    17   29   30
        23   0      4     7    19   31   32
        24   0      4     3    15   27   28
        </FACE>
        <CELL nbcell="7">
<!--label  code  nbFace list of faces   -->                  
        1    0      6     1    7    13   17   24   21
        2    0      6     2    8    14   18   21   22        
        3    0      6     3    9    15   19   22   23
        4    0      6     4    10   16   20   23   24
        5    0      6     5    11   13   14   15   16
        6    0      6     6    12   17   18   19   20
        7    0      6     7    8    9    10   11   12
        </CELL>    
    </MESH>
</FVLIB>
