<?xml version="1.0" encoding="ISO-8859-1"?>
<!-- File table.xml -->
<!-- december 2010 --> 
<FVLIB>
    <TABLE label="air">
          <FUNCTION label="P">
                 <VARIABLE label="rho" nb_pts="5" min="0" max="1"/>
                 <VARIABLE label="e" nb_pts="4" min="10" max="12"/>
                 <DATA>
           1.0   2.0   5.0   7.0
           2.0   3.0   5.0   8.0
           7.0   2.0   5.0   9.0
           0.0   2.0   8.0  10.0
          11.0  20.0  25.0  30.0
                 </DATA>
          </FUNCTION>
           <FUNCTION label="c">
                 <VARIABLE label="rho" nb_pts="5" min="0" max="1"/>
                 <VARIABLE label="P" nb_pts="4" min="0" max="1"/>
                 <DATA>
           1.0   2.0   5.0   7.0
           2.0   3.0   5.0   8.0
           7.0   2.0   5.0   9.0
           0.0   2.0   8.0  10.0
          11.0  20.0  25.0  30.0
                 </DATA>
          </FUNCTION>         
           <FUNCTION label="CP">
                 <VARIABLE label="T" nb_pts="5" min="0" max="1"/>
                 <DATA>
           1.0   2.0   5.0   7.0  2.0   
                 </DATA>
          </FUNCTION> 
           <FUNCTION label="freq">
                 <VARIABLE label="t" nb_pts="5" min="0" max="1"/>
                 <VARIABLE label="p" nb_pts="4" min="10" max="12"/>
                 <VARIABLE label="T" nb_pts="2" min="10" max="12"/>                
                 <DATA>
           1.0   2.0   5.0   7.0
           2.0   3.0   5.0   8.0
           7.0   2.0   5.0   9.0
           0.0   2.0   8.0  10.0
          11.0  20.0  25.0  30.0
           1.0   2.0   5.0   7.0
           2.0   3.0   5.0   8.0
           7.0   2.0   5.0   9.0
           0.0   2.0   8.0  10.0
          11.0  20.0  25.0  30.0          
                 </DATA>
          </FUNCTION>  
    </TABLE>
</FVLIB>  